step,action,price,hour,day_of_week,is_peak,is_weekday,demand,revenue
0,0,80,0,0,0,1,129,10320
0,1,100,0,0,0,1,102,10200
0,2,120,0,0,0,1,66,7920
0,3,150,0,0,0,1,23,3450
1,0,80,1,0,0,1,116,9280
1,1,100,1,0,0,1,94,9400
1,2,120,1,0,0,1,59,7080
1,3,150,1,0,0,1,31,4650
2,0,80,2,0,0,1,132,10560
2,1,100,2,0,0,1,98,9800
2,2,120,2,0,0,1,67,8040
2,3,150,2,0,0,1,29,4350
3,0,80,3,0,0,1,107,8560
3,1,100,3,0,0,1,85,8500
3,2,120,3,0,0,1,59,7080
3,3,150,3,0,0,1,23,3450
4,0,80,4,0,0,1,111,8880
4,1,100,4,0,0,1,88,8800
4,2,120,4,0,0,1,65,7800
4,3,150,4,0,0,1,28,4200
5,0,80,5,0,0,1,126,10080
5,1,100,5,0,0,1,81,8100
5,2,120,5,0,0,1,67,8040
5,3,150,5,0,0,1,33,4950
6,0,80,6,0,0,1,119,9520
6,1,100,6,0,0,1,78,7800
6,2,120,6,0,0,1,64,7680
6,3,150,6,0,0,1,31,4650
7,0,80,7,0,0,1,124,9920
7,1,100,7,0,0,1,92,9200
7,2,120,7,0,0,1,53,6360
7,3,150,7,0,0,1,37,5550
8,0,80,8,0,1,1,130,10400
8,1,100,8,0,1,1,110,11000
8,2,120,8,0,1,1,79,9480
8,3,150,8,0,1,1,42,6300
9,0,80,9,0,1,1,169,13520
9,1,100,9,0,1,1,124,12400
9,2,120,9,0,1,1,68,8160
9,3,150,9,0,1,1,32,4800
10,0,80,10,0,1,1,154,12320
10,1,100,10,0,1,1,111,11100
10,2,120,10,0,1,1,74,8880
10,3,150,10,0,1,1,49,7350
11,0,80,11,0,0,1,130,10400
11,1,100,11,0,0,1,89,8900
11,2,120,11,0,0,1,59,7080
11,3,150,11,0,0,1,27,4050
12,0,80,12,0,1,1,143,11440
12,1,100,12,0,1,1,126,12600
12,2,120,12,0,1,1,76,9120
12,3,150,12,0,1,1,41,6150
13,0,80,13,0,1,1,135,10800
13,1,100,13,0,1,1,112,11200
13,2,120,13,0,1,1,65,7800
13,3,150,13,0,1,1,40,6000
14,0,80,14,0,1,1,160,12800
14,1,100,14,0,1,1,144,14400
14,2,120,14,0,1,1,86,10320
14,3,150,14,0,1,1,39,5850
15,0,80,15,0,0,1,142,11360
15,1,100,15,0,0,1,89,8900
15,2,120,15,0,0,1,56,6720
15,3,150,15,0,0,1,29,4350
16,0,80,16,0,0,1,107,8560
16,1,100,16,0,0,1,76,7600
16,2,120,16,0,0,1,55,6600
16,3,150,16,0,0,1,34,5100
17,0,80,17,0,0,1,111,8880
17,1,100,17,0,0,1,92,9200
17,2,120,17,0,0,1,56,6720
17,3,150,17,0,0,1,26,3900
18,0,80,18,0,1,1,142,11360
18,1,100,18,0,1,1,133,13300
18,2,120,18,0,1,1,79,9480
18,3,150,18,0,1,1,44,6600
19,0,80,19,0,1,1,152,12160
19,1,100,19,0,1,1,125,12500
19,2,120,19,0,1,1,96,11520
19,3,150,19,0,1,1,31,4650
20,0,80,20,0,1,1,142,11360
20,1,100,20,0,1,1,120,12000
20,2,120,20,0,1,1,69,8280
20,3,150,20,0,1,1,39,5850
21,0,80,21,0,1,1,140,11200
21,1,100,21,0,1,1,103,10300
21,2,120,21,0,1,1,83,9960
21,3,150,21,0,1,1,33,4950
22,0,80,22,0,0,1,127,10160
22,1,100,22,0,0,1,78,7800
22,2,120,22,0,0,1,74,8880
22,3,150,22,0,0,1,27,4050
23,0,80,23,0,0,1,113,9040
23,1,100,23,0,0,1,94,9400
23,2,120,23,0,0,1,50,6000
23,3,150,23,0,0,1,40,6000
24,0,80,0,1,0,1,119,9520
24,1,100,0,1,0,1,101,10100
24,2,120,0,1,0,1,54,6480
24,3,150,0,1,0,1,32,4800
25,0,80,1,1,0,1,124,9920
25,1,100,1,1,0,1,87,8700
25,2,120,1,1,0,1,64,7680
25,3,150,1,1,0,1,29,4350
26,0,80,2,1,0,1,111,8880
26,1,100,2,1,0,1,100,10000
26,2,120,2,1,0,1,45,5400
26,3,150,2,1,0,1,27,4050
27,0,80,3,1,0,1,139,11120
27,1,100,3,1,0,1,84,8400
27,2,120,3,1,0,1,49,5880
27,3,150,3,1,0,1,19,2850
28,0,80,4,1,0,1,97,7760
28,1,100,4,1,0,1,95,9500
28,2,120,4,1,0,1,56,6720
28,3,150,4,1,0,1,37,5550
29,0,80,5,1,0,1,94,7520
29,1,100,5,1,0,1,82,8200
29,2,120,5,1,0,1,62,7440
29,3,150,5,1,0,1,18,2700
30,0,80,6,1,0,1,121,9680
30,1,100,6,1,0,1,101,10100
30,2,120,6,1,0,1,74,8880
30,3,150,6,1,0,1,35,5250
31,0,80,7,1,0,1,130,10400
31,1,100,7,1,0,1,91,9100
31,2,120,7,1,0,1,70,8400
31,3,150,7,1,0,1,28,4200
32,0,80,8,1,1,1,148,11840
32,1,100,8,1,1,1,117,11700
32,2,120,8,1,1,1,71,8520
32,3,150,8,1,1,1,37,5550
33,0,80,9,1,1,1,152,12160
33,1,100,9,1,1,1,111,11100
33,2,120,9,1,1,1,93,11160
33,3,150,9,1,1,1,36,5400
34,0,80,10,1,1,1,172,13760
34,1,100,10,1,1,1,128,12800
34,2,120,10,1,1,1,82,9840
34,3,150,10,1,1,1,44,6600
35,0,80,11,1,0,1,127,10160
35,1,100,11,1,0,1,78,7800
35,2,120,11,1,0,1,48,5760
35,3,150,11,1,0,1,35,5250
36,0,80,12,1,1,1,168,13440
36,1,100,12,1,1,1,141,14100
36,2,120,12,1,1,1,81,9720
36,3,150,12,1,1,1,41,6150
37,0,80,13,1,1,1,159,12720
37,1,100,13,1,1,1,116,11600
37,2,120,13,1,1,1,86,10320
37,3,150,13,1,1,1,39,5850
38,0,80,14,1,1,1,180,14400
38,1,100,14,1,1,1,102,10200
38,2,120,14,1,1,1,83,9960
38,3,150,14,1,1,1,45,6750
39,0,80,15,1,0,1,115,9200
39,1,100,15,1,0,1,98,9800
39,2,120,15,1,0,1,57,6840
39,3,150,15,1,0,1,24,3600
40,0,80,16,1,0,1,142,11360
40,1,100,16,1,0,1,87,8700
40,2,120,16,1,0,1,61,7320
40,3,150,16,1,0,1,35,5250
41,0,80,17,1,0,1,117,9360
41,1,100,17,1,0,1,77,7700
41,2,120,17,1,0,1,63,7560
41,3,150,17,1,0,1,32,4800
42,0,80,18,1,1,1,170,13600
42,1,100,18,1,1,1,116,11600
42,2,120,18,1,1,1,73,8760
42,3,150,18,1,1,1,45,6750
43,0,80,19,1,1,1,149,11920
43,1,100,19,1,1,1,123,12300
43,2,120,19,1,1,1,67,8040
43,3,150,19,1,1,1,42,6300
44,0,80,20,1,1,1,161,12880
44,1,100,20,1,1,1,109,10900
44,2,120,20,1,1,1,95,11400
44,3,150,20,1,1,1,43,6450
45,0,80,21,1,1,1,125,10000
45,1,100,21,1,1,1,103,10300
45,2,120,21,1,1,1,85,10200
45,3,150,21,1,1,1,47,7050
46,0,80,22,1,0,1,129,10320
46,1,100,22,1,0,1,84,8400
46,2,120,22,1,0,1,44,5280
46,3,150,22,1,0,1,34,5100
47,0,80,23,1,0,1,103,8240
47,1,100,23,1,0,1,99,9900
47,2,120,23,1,0,1,62,7440
47,3,150,23,1,0,1,42,6300
48,0,80,0,2,0,1,123,9840
48,1,100,0,2,0,1,79,7900
48,2,120,0,2,0,1,58,6960
48,3,150,0,2,0,1,23,3450
49,0,80,1,2,0,1,113,9040
49,1,100,1,2,0,1,89,8900
49,2,120,1,2,0,1,63,7560
49,3,150,1,2,0,1,29,4350
50,0,80,2,2,0,1,124,9920
50,1,100,2,2,0,1,90,9000
50,2,120,2,2,0,1,62,7440
50,3,150,2,2,0,1,34,5100
51,0,80,3,2,0,1,126,10080
51,1,100,3,2,0,1,99,9900
51,2,120,3,2,0,1,59,7080
51,3,150,3,2,0,1,28,4200
52,0,80,4,2,0,1,140,11200
52,1,100,4,2,0,1,91,9100
52,2,120,4,2,0,1,56,6720
52,3,150,4,2,0,1,30,4500
53,0,80,5,2,0,1,101,8080
53,1,100,5,2,0,1,70,7000
53,2,120,5,2,0,1,57,6840
53,3,150,5,2,0,1,27,4050
54,0,80,6,2,0,1,134,10720
54,1,100,6,2,0,1,79,7900
54,2,120,6,2,0,1,50,6000
54,3,150,6,2,0,1,35,5250
55,0,80,7,2,0,1,127,10160
55,1,100,7,2,0,1,88,8800
55,2,120,7,2,0,1,61,7320
55,3,150,7,2,0,1,24,3600
56,0,80,8,2,1,1,142,11360
56,1,100,8,2,1,1,114,11400
56,2,120,8,2,1,1,86,10320
56,3,150,8,2,1,1,39,5850
57,0,80,9,2,1,1,127,10160
57,1,100,9,2,1,1,111,11100
57,2,120,9,2,1,1,81,9720
57,3,150,9,2,1,1,29,4350
58,0,80,10,2,1,1,172,13760
58,1,100,10,2,1,1,123,12300
58,2,120,10,2,1,1,86,10320
58,3,150,10,2,1,1,37,5550
59,0,80,11,2,0,1,116,9280
59,1,100,11,2,0,1,90,9000
59,2,120,11,2,0,1,70,8400
59,3,150,11,2,0,1,39,5850
60,0,80,12,2,1,1,172,13760
60,1,100,12,2,1,1,118,11800
60,2,120,12,2,1,1,65,7800
60,3,150,12,2,1,1,50,7500
61,0,80,13,2,1,1,144,11520
61,1,100,13,2,1,1,107,10700
61,2,120,13,2,1,1,95,11400
61,3,150,13,2,1,1,36,5400
62,0,80,14,2,1,1,165,13200
62,1,100,14,2,1,1,117,11700
62,2,120,14,2,1,1,92,11040
62,3,150,14,2,1,1,47,7050
63,0,80,15,2,0,1,129,10320
63,1,100,15,2,0,1,92,9200
63,2,120,15,2,0,1,55,6600
63,3,150,15,2,0,1,35,5250
64,0,80,16,2,0,1,106,8480
64,1,100,16,2,0,1,99,9900
64,2,120,16,2,0,1,68,8160
64,3,150,16,2,0,1,31,4650
65,0,80,17,2,0,1,141,11280
65,1,100,17,2,0,1,69,6900
65,2,120,17,2,0,1,65,7800
65,3,150,17,2,0,1,34,5100
66,0,80,18,2,1,1,129,10320
66,1,100,18,2,1,1,122,12200
66,2,120,18,2,1,1,83,9960
66,3,150,18,2,1,1,37,5550
67,0,80,19,2,1,1,164,13120
67,1,100,19,2,1,1,131,13100
67,2,120,19,2,1,1,89,10680
67,3,150,19,2,1,1,41,6150
68,0,80,20,2,1,1,149,11920
68,1,100,20,2,1,1,107,10700
68,2,120,20,2,1,1,75,9000
68,3,150,20,2,1,1,35,5250
69,0,80,21,2,1,1,142,11360
69,1,100,21,2,1,1,121,12100
69,2,120,21,2,1,1,94,11280
69,3,150,21,2,1,1,31,4650
70,0,80,22,2,0,1,100,8000
70,1,100,22,2,0,1,95,9500
70,2,120,22,2,0,1,59,7080
70,3,150,22,2,0,1,35,5250
71,0,80,23,2,0,1,114,9120
71,1,100,23,2,0,1,83,8300
71,2,120,23,2,0,1,73,8760
71,3,150,23,2,0,1,34,5100
72,0,80,0,3,0,1,126,10080
72,1,100,0,3,0,1,83,8300
72,2,120,0,3,0,1,55,6600
72,3,150,0,3,0,1,35,5250
73,0,80,1,3,0,1,119,9520
73,1,100,1,3,0,1,100,10000
73,2,120,1,3,0,1,62,7440
73,3,150,1,3,0,1,30,4500
74,0,80,2,3,0,1,105,8400
74,1,100,2,3,0,1,83,8300
74,2,120,2,3,0,1,60,7200
74,3,150,2,3,0,1,27,4050
75,0,80,3,3,0,1,105,8400
75,1,100,3,3,0,1,72,7200
75,2,120,3,3,0,1,53,6360
75,3,150,3,3,0,1,29,4350
76,0,80,4,3,0,1,135,10800
76,1,100,4,3,0,1,91,9100
76,2,120,4,3,0,1,57,6840
76,3,150,4,3,0,1,26,3900
77,0,80,5,3,0,1,112,8960
77,1,100,5,3,0,1,96,9600
77,2,120,5,3,0,1,57,6840
77,3,150,5,3,0,1,18,2700
78,0,80,6,3,0,1,128,10240
78,1,100,6,3,0,1,69,6900
78,2,120,6,3,0,1,74,8880
78,3,150,6,3,0,1,25,3750
79,0,80,7,3,0,1,105,8400
79,1,100,7,3,0,1,83,8300
79,2,120,7,3,0,1,63,7560
79,3,150,7,3,0,1,32,4800
80,0,80,8,3,1,1,168,13440
80,1,100,8,3,1,1,110,11000
80,2,120,8,3,1,1,78,9360
80,3,150,8,3,1,1,46,6900
81,0,80,9,3,1,1,170,13600
81,1,100,9,3,1,1,109,10900
81,2,120,9,3,1,1,74,8880
81,3,150,9,3,1,1,44,6600
82,0,80,10,3,1,1,167,13360
82,1,100,10,3,1,1,134,13400
82,2,120,10,3,1,1,67,8040
82,3,150,10,3,1,1,43,6450
83,0,80,11,3,0,1,107,8560
83,1,100,11,3,0,1,104,10400
83,2,120,11,3,0,1,63,7560
83,3,150,11,3,0,1,27,4050
84,0,80,12,3,1,1,172,13760
84,1,100,12,3,1,1,121,12100
84,2,120,12,3,1,1,91,10920
84,3,150,12,3,1,1,41,6150
85,0,80,13,3,1,1,154,12320
85,1,100,13,3,1,1,126,12600
85,2,120,13,3,1,1,77,9240
85,3,150,13,3,1,1,40,6000
86,0,80,14,3,1,1,138,11040
86,1,100,14,3,1,1,115,11500
86,2,120,14,3,1,1,69,8280
86,3,150,14,3,1,1,34,5100
87,0,80,15,3,0,1,129,10320
87,1,100,15,3,0,1,88,8800
87,2,120,15,3,0,1,67,8040
87,3,150,15,3,0,1,35,5250
88,0,80,16,3,0,1,105,8400
88,1,100,16,3,0,1,103,10300
88,2,120,16,3,0,1,49,5880
88,3,150,16,3,0,1,35,5250
89,0,80,17,3,0,1,129,10320
89,1,100,17,3,0,1,88,8800
89,2,120,17,3,0,1,63,7560
89,3,150,17,3,0,1,29,4350
90,0,80,18,3,1,1,182,14560
90,1,100,18,3,1,1,108,10800
90,2,120,18,3,1,1,76,9120
90,3,150,18,3,1,1,32,4800
91,0,80,19,3,1,1,152,12160
91,1,100,19,3,1,1,110,11000
91,2,120,19,3,1,1,73,8760
91,3,150,19,3,1,1,33,4950
92,0,80,20,3,1,1,157,12560
92,1,100,20,3,1,1,92,9200
92,2,120,20,3,1,1,79,9480
92,3,150,20,3,1,1,35,5250
93,0,80,21,3,1,1,168,13440
93,1,100,21,3,1,1,99,9900
93,2,120,21,3,1,1,74,8880
93,3,150,21,3,1,1,30,4500
94,0,80,22,3,0,1,125,10000
94,1,100,22,3,0,1,80,8000
94,2,120,22,3,0,1,52,6240
94,3,150,22,3,0,1,32,4800
95,0,80,23,3,0,1,115,9200
95,1,100,23,3,0,1,89,8900
95,2,120,23,3,0,1,67,8040
95,3,150,23,3,0,1,42,6300
96,0,80,0,4,0,1,138,11040
96,1,100,0,4,0,1,84,8400
96,2,120,0,4,0,1,53,6360
96,3,150,0,4,0,1,30,4500
97,0,80,1,4,0,1,129,10320
97,1,100,1,4,0,1,104,10400
97,2,120,1,4,0,1,61,7320
97,3,150,1,4,0,1,26,3900
98,0,80,2,4,0,1,131,10480
98,1,100,2,4,0,1,91,9100
98,2,120,2,4,0,1,62,7440
98,3,150,2,4,0,1,23,3450
99,0,80,3,4,0,1,147,11760
99,1,100,3,4,0,1,114,11400
99,2,120,3,4,0,1,62,7440
99,3,150,3,4,0,1,26,3900
100,0,80,4,4,0,1,116,9280
100,1,100,4,4,0,1,90,9000
100,2,120,4,4,0,1,62,7440
100,3,150,4,4,0,1,35,5250
101,0,80,5,4,0,1,109,8720
101,1,100,5,4,0,1,87,8700
101,2,120,5,4,0,1,57,6840
101,3,150,5,4,0,1,32,4800
102,0,80,6,4,0,1,132,10560
102,1,100,6,4,0,1,108,10800
102,2,120,6,4,0,1,64,7680
102,3,150,6,4,0,1,19,2850
103,0,80,7,4,0,1,107,8560
103,1,100,7,4,0,1,95,9500
103,2,120,7,4,0,1,74,8880
103,3,150,7,4,0,1,34,5100
104,0,80,8,4,1,1,164,13120
104,1,100,8,4,1,1,118,11800
104,2,120,8,4,1,1,75,9000
104,3,150,8,4,1,1,43,6450
105,0,80,9,4,1,1,177,14160
105,1,100,9,4,1,1,124,12400
105,2,120,9,4,1,1,99,11880
105,3,150,9,4,1,1,44,6600
106,0,80,10,4,1,1,161,12880
106,1,100,10,4,1,1,119,11900
106,2,120,10,4,1,1,77,9240
106,3,150,10,4,1,1,37,5550
107,0,80,11,4,0,1,120,9600
107,1,100,11,4,0,1,76,7600
107,2,120,11,4,0,1,64,7680
107,3,150,11,4,0,1,25,3750
108,0,80,12,4,1,1,174,13920
108,1,100,12,4,1,1,124,12400
108,2,120,12,4,1,1,73,8760
108,3,150,12,4,1,1,35,5250
109,0,80,13,4,1,1,179,14320
109,1,100,13,4,1,1,120,12000
109,2,120,13,4,1,1,100,12000
109,3,150,13,4,1,1,35,5250
110,0,80,14,4,1,1,152,12160
110,1,100,14,4,1,1,116,11600
110,2,120,14,4,1,1,91,10920
110,3,150,14,4,1,1,39,5850
111,0,80,15,4,0,1,135,10800
111,1,100,15,4,0,1,93,9300
111,2,120,15,4,0,1,64,7680
111,3,150,15,4,0,1,40,6000
112,0,80,16,4,0,1,131,10480
112,1,100,16,4,0,1,91,9100
112,2,120,16,4,0,1,55,6600
112,3,150,16,4,0,1,27,4050
113,0,80,17,4,0,1,125,10000
113,1,100,17,4,0,1,83,8300
113,2,120,17,4,0,1,71,8520
113,3,150,17,4,0,1,23,3450
114,0,80,18,4,1,1,144,11520
114,1,100,18,4,1,1,123,12300
114,2,120,18,4,1,1,68,8160
114,3,150,18,4,1,1,35,5250
115,0,80,19,4,1,1,165,13200
115,1,100,19,4,1,1,131,13100
115,2,120,19,4,1,1,77,9240
115,3,150,19,4,1,1,40,6000
116,0,80,20,4,1,1,139,11120
116,1,100,20,4,1,1,118,11800
116,2,120,20,4,1,1,60,7200
116,3,150,20,4,1,1,37,5550
117,0,80,21,4,1,1,172,13760
117,1,100,21,4,1,1,116,11600
117,2,120,21,4,1,1,86,10320
117,3,150,21,4,1,1,39,5850
118,0,80,22,4,0,1,105,8400
118,1,100,22,4,0,1,92,9200
118,2,120,22,4,0,1,44,5280
118,3,150,22,4,0,1,29,4350
119,0,80,23,4,0,1,134,10720
119,1,100,23,4,0,1,80,8000
119,2,120,23,4,0,1,69,8280
119,3,150,23,4,0,1,36,5400
120,0,80,0,5,0,0,95,7600
120,1,100,0,5,0,0,67,6700
120,2,120,0,5,0,0,49,5880
120,3,150,0,5,0,0,24,3600
121,0,80,1,5,0,0,89,7120
121,1,100,1,5,0,0,80,8000
121,2,120,1,5,0,0,37,4440
121,3,150,1,5,0,0,19,2850
122,0,80,2,5,0,0,95,7600
122,1,100,2,5,0,0,62,6200
122,2,120,2,5,0,0,48,5760
122,3,150,2,5,0,0,31,4650
123,0,80,3,5,0,0,89,7120
123,1,100,3,5,0,0,68,6800
123,2,120,3,5,0,0,50,6000
123,3,150,3,5,0,0,30,4500
124,0,80,4,5,0,0,65,5200
124,1,100,4,5,0,0,76,7600
124,2,120,4,5,0,0,44,5280
124,3,150,4,5,0,0,28,4200
125,0,80,5,5,0,0,99,7920
125,1,100,5,5,0,0,67,6700
125,2,120,5,5,0,0,45,5400
125,3,150,5,5,0,0,27,4050
126,0,80,6,5,0,0,112,8960
126,1,100,6,5,0,0,64,6400
126,2,120,6,5,0,0,48,5760
126,3,150,6,5,0,0,34,5100
127,0,80,7,5,0,0,89,7120
127,1,100,7,5,0,0,65,6500
127,2,120,7,5,0,0,42,5040
127,3,150,7,5,0,0,20,3000
128,0,80,8,5,1,0,87,6960
128,1,100,8,5,1,0,84,8400
128,2,120,8,5,1,0,46,5520
128,3,150,8,5,1,0,22,3300
129,0,80,9,5,1,0,101,8080
129,1,100,9,5,1,0,60,6000
129,2,120,9,5,1,0,39,4680
129,3,150,9,5,1,0,18,2700
130,0,80,10,5,1,0,106,8480
130,1,100,10,5,1,0,53,5300
130,2,120,10,5,1,0,45,5400
130,3,150,10,5,1,0,26,3900
131,0,80,11,5,0,0,98,7840
131,1,100,11,5,0,0,71,7100
131,2,120,11,5,0,0,40,4800
131,3,150,11,5,0,0,19,2850
132,0,80,12,5,1,0,110,8800
132,1,100,12,5,1,0,70,7000
132,2,120,12,5,1,0,47,5640
132,3,150,12,5,1,0,33,4950
133,0,80,13,5,1,0,95,7600
133,1,100,13,5,1,0,72,7200
133,2,120,13,5,1,0,48,5760
133,3,150,13,5,1,0,25,3750
134,0,80,14,5,1,0,93,7440
134,1,100,14,5,1,0,60,6000
134,2,120,14,5,1,0,54,6480
134,3,150,14,5,1,0,20,3000
135,0,80,15,5,0,0,106,8480
135,1,100,15,5,0,0,76,7600
135,2,120,15,5,0,0,47,5640
135,3,150,15,5,0,0,26,3900
136,0,80,16,5,0,0,100,8000
136,1,100,16,5,0,0,80,8000
136,2,120,16,5,0,0,49,5880
136,3,150,16,5,0,0,22,3300
137,0,80,17,5,0,0,94,7520
137,1,100,17,5,0,0,67,6700
137,2,120,17,5,0,0,55,6600
137,3,150,17,5,0,0,19,2850
138,0,80,18,5,1,0,111,8880
138,1,100,18,5,1,0,60,6000
138,2,120,18,5,1,0,49,5880
138,3,150,18,5,1,0,23,3450
139,0,80,19,5,1,0,95,7600
139,1,100,19,5,1,0,81,8100
139,2,120,19,5,1,0,44,5280
139,3,150,19,5,1,0,31,4650
140,0,80,20,5,1,0,98,7840
140,1,100,20,5,1,0,78,7800
140,2,120,20,5,1,0,52,6240
140,3,150,20,5,1,0,26,3900
141,0,80,21,5,1,0,97,7760
141,1,100,21,5,1,0,66,6600
141,2,120,21,5,1,0,42,5040
141,3,150,21,5,1,0,23,3450
142,0,80,22,5,0,0,132,10560
142,1,100,22,5,0,0,77,7700
142,2,120,22,5,0,0,52,6240
142,3,150,22,5,0,0,23,3450
143,0,80,23,5,0,0,123,9840
143,1,100,23,5,0,0,79,7900
143,2,120,23,5,0,0,60,7200
143,3,150,23,5,0,0,34,5100
144,0,80,0,6,0,0,84,6720
144,1,100,0,6,0,0,83,8300
144,2,120,0,6,0,0,50,6000
144,3,150,0,6,0,0,25,3750
145,0,80,1,6,0,0,96,7680
145,1,100,1,6,0,0,99,9900
145,2,120,1,6,0,0,42,5040
145,3,150,1,6,0,0,38,5700
146,0,80,2,6,0,0,111,8880
146,1,100,2,6,0,0,62,6200
146,2,120,2,6,0,0,50,6000
146,3,150,2,6,0,0,28,4200
147,0,80,3,6,0,0,97,7760
147,1,100,3,6,0,0,70,7000
147,2,120,3,6,0,0,38,4560
147,3,150,3,6,0,0,29,4350
148,0,80,4,6,0,0,116,9280
148,1,100,4,6,0,0,50,5000
148,2,120,4,6,0,0,43,5160
148,3,150,4,6,0,0,20,3000
149,0,80,5,6,0,0,86,6880
149,1,100,5,6,0,0,65,6500
149,2,120,5,6,0,0,60,7200
149,3,150,5,6,0,0,26,3900
150,0,80,6,6,0,0,108,8640
150,1,100,6,6,0,0,70,7000
150,2,120,6,6,0,0,43,5160
150,3,150,6,6,0,0,35,5250
151,0,80,7,6,0,0,106,8480
151,1,100,7,6,0,0,65,6500
151,2,120,7,6,0,0,52,6240
151,3,150,7,6,0,0,23,3450
152,0,80,8,6,1,0,105,8400
152,1,100,8,6,1,0,90,9000
152,2,120,8,6,1,0,39,4680
152,3,150,8,6,1,0,25,3750
153,0,80,9,6,1,0,98,7840
153,1,100,9,6,1,0,72,7200
153,2,120,9,6,1,0,51,6120
153,3,150,9,6,1,0,27,4050
154,0,80,10,6,1,0,113,9040
154,1,100,10,6,1,0,77,7700
154,2,120,10,6,1,0,48,5760
154,3,150,10,6,1,0,31,4650
155,0,80,11,6,0,0,94,7520
155,1,100,11,6,0,0,70,7000
155,2,120,11,6,0,0,56,6720
155,3,150,11,6,0,0,28,4200
156,0,80,12,6,1,0,89,7120
156,1,100,12,6,1,0,62,6200
156,2,120,12,6,1,0,52,6240
156,3,150,12,6,1,0,32,4800
157,0,80,13,6,1,0,86,6880
157,1,100,13,6,1,0,68,6800
157,2,120,13,6,1,0,59,7080
157,3,150,13,6,1,0,28,4200
158,0,80,14,6,1,0,94,7520
158,1,100,14,6,1,0,63,6300
158,2,120,14,6,1,0,45,5400
158,3,150,14,6,1,0,25,3750
159,0,80,15,6,0,0,80,6400
159,1,100,15,6,0,0,81,8100
159,2,120,15,6,0,0,56,6720
159,3,150,15,6,0,0,30,4500
160,0,80,16,6,0,0,94,7520
160,1,100,16,6,0,0,73,7300
160,2,120,16,6,0,0,43,5160
160,3,150,16,6,0,0,22,3300
161,0,80,17,6,0,0,85,6800
161,1,100,17,6,0,0,68,6800
161,2,120,17,6,0,0,43,5160
161,3,150,17,6,0,0,34,5100
162,0,80,18,6,1,0,102,8160
162,1,100,18,6,1,0,82,8200
162,2,120,18,6,1,0,37,4440
162,3,150,18,6,1,0,24,3600
163,0,80,19,6,1,0,95,7600
163,1,100,19,6,1,0,75,7500
163,2,120,19,6,1,0,39,4680
163,3,150,19,6,1,0,32,4800
164,0,80,20,6,1,0,95,7600
164,1,100,20,6,1,0,76,7600
164,2,120,20,6,1,0,46,5520
164,3,150,20,6,1,0,21,3150
165,0,80,21,6,1,0,88,7040
165,1,100,21,6,1,0,93,9300
165,2,120,21,6,1,0,57,6840
165,3,150,21,6,1,0,19,2850
166,0,80,22,6,0,0,108,8640
166,1,100,22,6,0,0,88,8800
166,2,120,22,6,0,0,53,6360
166,3,150,22,6,0,0,20,3000
167,0,80,23,6,0,0,126,10080
167,1,100,23,6,0,0,72,7200
167,2,120,23,6,0,0,44,5280
167,3,150,23,6,0,0,29,4350
168,0,80,0,0,0,1,135,10800
168,1,100,0,0,0,1,83,8300
168,2,120,0,0,0,1,69,8280
168,3,150,0,0,0,1,29,4350
169,0,80,1,0,0,1,119,9520
169,1,100,1,0,0,1,83,8300
169,2,120,1,0,0,1,61,7320
169,3,150,1,0,0,1,33,4950
170,0,80,2,0,0,1,120,9600
170,1,100,2,0,0,1,85,8500
170,2,120,2,0,0,1,68,8160
170,3,150,2,0,0,1,30,4500
171,0,80,3,0,0,1,112,8960
171,1,100,3,0,0,1,86,8600
171,2,120,3,0,0,1,74,8880
171,3,150,3,0,0,1,27,4050
172,0,80,4,0,0,1,115,9200
172,1,100,4,0,0,1,112,11200
172,2,120,4,0,0,1,55,6600
172,3,150,4,0,0,1,29,4350
173,0,80,5,0,0,1,110,8800
173,1,100,5,0,0,1,101,10100
173,2,120,5,0,0,1,71,8520
173,3,150,5,0,0,1,27,4050
174,0,80,6,0,0,1,132,10560
174,1,100,6,0,0,1,99,9900
174,2,120,6,0,0,1,72,8640
174,3,150,6,0,0,1,35,5250
175,0,80,7,0,0,1,131,10480
175,1,100,7,0,0,1,79,7900
175,2,120,7,0,0,1,61,7320
175,3,150,7,0,0,1,32,4800
176,0,80,8,0,1,1,150,12000
176,1,100,8,0,1,1,126,12600
176,2,120,8,0,1,1,71,8520
176,3,150,8,0,1,1,37,5550
177,0,80,9,0,1,1,140,11200
177,1,100,9,0,1,1,135,13500
177,2,120,9,0,1,1,88,10560
177,3,150,9,0,1,1,36,5400
178,0,80,10,0,1,1,154,12320
178,1,100,10,0,1,1,125,12500
178,2,120,10,0,1,1,86,10320
178,3,150,10,0,1,1,40,6000
179,0,80,11,0,0,1,118,9440
179,1,100,11,0,0,1,113,11300
179,2,120,11,0,0,1,68,8160
179,3,150,11,0,0,1,38,5700
180,0,80,12,0,1,1,178,14240
180,1,100,12,0,1,1,121,12100
180,2,120,12,0,1,1,73,8760
180,3,150,12,0,1,1,44,6600
181,0,80,13,0,1,1,169,13520
181,1,100,13,0,1,1,119,11900
181,2,120,13,0,1,1,84,10080
181,3,150,13,0,1,1,49,7350
182,0,80,14,0,1,1,154,12320
182,1,100,14,0,1,1,115,11500
182,2,120,14,0,1,1,72,8640
182,3,150,14,0,1,1,31,4650
183,0,80,15,0,0,1,109,8720
183,1,100,15,0,0,1,95,9500
183,2,120,15,0,0,1,65,7800
183,3,150,15,0,0,1,33,4950
184,0,80,16,0,0,1,130,10400
184,1,100,16,0,0,1,88,8800
184,2,120,16,0,0,1,53,6360
184,3,150,16,0,0,1,27,4050
185,0,80,17,0,0,1,114,9120
185,1,100,17,0,0,1,87,8700
185,2,120,17,0,0,1,71,8520
185,3,150,17,0,0,1,35,5250
186,0,80,18,0,1,1,149,11920
186,1,100,18,0,1,1,138,13800
186,2,120,18,0,1,1,82,9840
186,3,150,18,0,1,1,41,6150
187,0,80,19,0,1,1,164,13120
187,1,100,19,0,1,1,106,10600
187,2,120,19,0,1,1,85,10200
187,3,150,19,0,1,1,29,4350
188,0,80,20,0,1,1,157,12560
188,1,100,20,0,1,1,110,11000
188,2,120,20,0,1,1,87,10440
188,3,150,20,0,1,1,47,7050
189,0,80,21,0,1,1,170,13600
189,1,100,21,0,1,1,120,12000
189,2,120,21,0,1,1,96,11520
189,3,150,21,0,1,1,41,6150
190,0,80,22,0,0,1,131,10480
190,1,100,22,0,0,1,93,9300
190,2,120,22,0,0,1,75,9000
190,3,150,22,0,0,1,30,4500
191,0,80,23,0,0,1,122,9760
191,1,100,23,0,0,1,84,8400
191,2,120,23,0,0,1,68,8160
191,3,150,23,0,0,1,25,3750
192,0,80,0,1,0,1,117,9360
192,1,100,0,1,0,1,90,9000
192,2,120,0,1,0,1,55,6600
192,3,150,0,1,0,1,31,4650
193,0,80,1,1,0,1,114,9120
193,1,100,1,1,0,1,85,8500
193,2,120,1,1,0,1,65,7800
193,3,150,1,1,0,1,41,6150
194,0,80,2,1,0,1,124,9920
194,1,100,2,1,0,1,87,8700
194,2,120,2,1,0,1,74,8880
194,3,150,2,1,0,1,27,4050
195,0,80,3,1,0,1,125,10000
195,1,100,3,1,0,1,93,9300
195,2,120,3,1,0,1,59,7080
195,3,150,3,1,0,1,28,4200
196,0,80,4,1,0,1,109,8720
196,1,100,4,1,0,1,104,10400
196,2,120,4,1,0,1,55,6600
196,3,150,4,1,0,1,32,4800
197,0,80,5,1,0,1,117,9360
197,1,100,5,1,0,1,97,9700
197,2,120,5,1,0,1,46,5520
197,3,150,5,1,0,1,32,4800
198,0,80,6,1,0,1,137,10960
198,1,100,6,1,0,1,95,9500
198,2,120,6,1,0,1,60,7200
198,3,150,6,1,0,1,39,5850
199,0,80,7,1,0,1,110,8800
199,1,100,7,1,0,1,97,9700
199,2,120,7,1,0,1,62,7440
199,3,150,7,1,0,1,30,4500
200,0,80,8,1,1,1,149,11920
200,1,100,8,1,1,1,115,11500
200,2,120,8,1,1,1,84,10080
200,3,150,8,1,1,1,44,6600
201,0,80,9,1,1,1,160,12800
201,1,100,9,1,1,1,112,11200
201,2,120,9,1,1,1,72,8640
201,3,150,9,1,1,1,38,5700
202,0,80,10,1,1,1,190,15200
202,1,100,10,1,1,1,122,12200
202,2,120,10,1,1,1,91,10920
202,3,150,10,1,1,1,42,6300
203,0,80,11,1,0,1,126,10080
203,1,100,11,1,0,1,100,10000
203,2,120,11,1,0,1,67,8040
203,3,150,11,1,0,1,30,4500
204,0,80,12,1,1,1,169,13520
204,1,100,12,1,1,1,109,10900
204,2,120,12,1,1,1,79,9480
204,3,150,12,1,1,1,45,6750
205,0,80,13,1,1,1,176,14080
205,1,100,13,1,1,1,134,13400
205,2,120,13,1,1,1,83,9960
205,3,150,13,1,1,1,35,5250
206,0,80,14,1,1,1,140,11200
206,1,100,14,1,1,1,115,11500
206,2,120,14,1,1,1,80,9600
206,3,150,14,1,1,1,36,5400
207,0,80,15,1,0,1,136,10880
207,1,100,15,1,0,1,104,10400
207,2,120,15,1,0,1,80,9600
207,3,150,15,1,0,1,31,4650
208,0,80,16,1,0,1,110,8800
208,1,100,16,1,0,1,70,7000
208,2,120,16,1,0,1,52,6240
208,3,150,16,1,0,1,29,4350
209,0,80,17,1,0,1,116,9280
209,1,100,17,1,0,1,96,9600
209,2,120,17,1,0,1,65,7800
209,3,150,17,1,0,1,30,4500
210,0,80,18,1,1,1,173,13840
210,1,100,18,1,1,1,121,12100
210,2,120,18,1,1,1,76,9120
210,3,150,18,1,1,1,53,7950
211,0,80,19,1,1,1,164,13120
211,1,100,19,1,1,1,113,11300
211,2,120,19,1,1,1,84,10080
211,3,150,19,1,1,1,39,5850
212,0,80,20,1,1,1,145,11600
212,1,100,20,1,1,1,119,11900
212,2,120,20,1,1,1,76,9120
212,3,150,20,1,1,1,32,4800
213,0,80,21,1,1,1,188,15040
213,1,100,21,1,1,1,121,12100
213,2,120,21,1,1,1,78,9360
213,3,150,21,1,1,1,35,5250
214,0,80,22,1,0,1,137,10960
214,1,100,22,1,0,1,86,8600
214,2,120,22,1,0,1,59,7080
214,3,150,22,1,0,1,27,4050
215,0,80,23,1,0,1,120,9600
215,1,100,23,1,0,1,98,9800
215,2,120,23,1,0,1,66,7920
215,3,150,23,1,0,1,28,4200
216,0,80,0,2,0,1,131,10480
216,1,100,0,2,0,1,89,8900
216,2,120,0,2,0,1,63,7560
216,3,150,0,2,0,1,39,5850
217,0,80,1,2,0,1,109,8720
217,1,100,1,2,0,1,100,10000
217,2,120,1,2,0,1,64,7680
217,3,150,1,2,0,1,28,4200
218,0,80,2,2,0,1,124,9920
218,1,100,2,2,0,1,83,8300
218,2,120,2,2,0,1,56,6720
218,3,150,2,2,0,1,23,3450
219,0,80,3,2,0,1,116,9280
219,1,100,3,2,0,1,86,8600
219,2,120,3,2,0,1,59,7080
219,3,150,3,2,0,1,28,4200
220,0,80,4,2,0,1,106,8480
220,1,100,4,2,0,1,84,8400
220,2,120,4,2,0,1,62,7440
220,3,150,4,2,0,1,28,4200
221,0,80,5,2,0,1,133,10640
221,1,100,5,2,0,1,107,10700
221,2,120,5,2,0,1,68,8160
221,3,150,5,2,0,1,28,4200
222,0,80,6,2,0,1,133,10640
222,1,100,6,2,0,1,97,9700
222,2,120,6,2,0,1,69,8280
222,3,150,6,2,0,1,33,4950
223,0,80,7,2,0,1,107,8560
223,1,100,7,2,0,1,90,9000
223,2,120,7,2,0,1,61,7320
223,3,150,7,2,0,1,29,4350
224,0,80,8,2,1,1,178,14240
224,1,100,8,2,1,1,137,13700
224,2,120,8,2,1,1,76,9120
224,3,150,8,2,1,1,39,5850
225,0,80,9,2,1,1,161,12880
225,1,100,9,2,1,1,116,11600
225,2,120,9,2,1,1,78,9360
225,3,150,9,2,1,1,47,7050
226,0,80,10,2,1,1,162,12960
226,1,100,10,2,1,1,132,13200
226,2,120,10,2,1,1,74,8880
226,3,150,10,2,1,1,31,4650
227,0,80,11,2,0,1,131,10480
227,1,100,11,2,0,1,96,9600
227,2,120,11,2,0,1,47,5640
227,3,150,11,2,0,1,27,4050
228,0,80,12,2,1,1,144,11520
228,1,100,12,2,1,1,137,13700
228,2,120,12,2,1,1,76,9120
228,3,150,12,2,1,1,44,6600
229,0,80,13,2,1,1,146,11680
229,1,100,13,2,1,1,135,13500
229,2,120,13,2,1,1,96,11520
229,3,150,13,2,1,1,54,8100
230,0,80,14,2,1,1,156,12480
230,1,100,14,2,1,1,118,11800
230,2,120,14,2,1,1,94,11280
230,3,150,14,2,1,1,44,6600
231,0,80,15,2,0,1,119,9520
231,1,100,15,2,0,1,78,7800
231,2,120,15,2,0,1,52,6240
231,3,150,15,2,0,1,29,4350
232,0,80,16,2,0,1,117,9360
232,1,100,16,2,0,1,89,8900
232,2,120,16,2,0,1,59,7080
232,3,150,16,2,0,1,27,4050
233,0,80,17,2,0,1,120,9600
233,1,100,17,2,0,1,94,9400
233,2,120,17,2,0,1,59,7080
233,3,150,17,2,0,1,40,6000
234,0,80,18,2,1,1,135,10800
234,1,100,18,2,1,1,120,12000
234,2,120,18,2,1,1,82,9840
234,3,150,18,2,1,1,45,6750
235,0,80,19,2,1,1,170,13600
235,1,100,19,2,1,1,125,12500
235,2,120,19,2,1,1,92,11040
235,3,150,19,2,1,1,41,6150
236,0,80,20,2,1,1,177,14160
236,1,100,20,2,1,1,118,11800
236,2,120,20,2,1,1,76,9120
236,3,150,20,2,1,1,34,5100
237,0,80,21,2,1,1,179,14320
237,1,100,21,2,1,1,110,11000
237,2,120,21,2,1,1,83,9960
237,3,150,21,2,1,1,36,5400
238,0,80,22,2,0,1,132,10560
238,1,100,22,2,0,1,114,11400
238,2,120,22,2,0,1,61,7320
238,3,150,22,2,0,1,30,4500
239,0,80,23,2,0,1,125,10000
239,1,100,23,2,0,1,96,9600
239,2,120,23,2,0,1,59,7080
239,3,150,23,2,0,1,28,4200
240,0,80,0,3,0,1,112,8960
240,1,100,0,3,0,1,93,9300
240,2,120,0,3,0,1,39,4680
240,3,150,0,3,0,1,29,4350
241,0,80,1,3,0,1,114,9120
241,1,100,1,3,0,1,95,9500
241,2,120,1,3,0,1,64,7680
241,3,150,1,3,0,1,37,5550
242,0,80,2,3,0,1,122,9760
242,1,100,2,3,0,1,106,10600
242,2,120,2,3,0,1,64,7680
242,3,150,2,3,0,1,25,3750
243,0,80,3,3,0,1,132,10560
243,1,100,3,3,0,1,100,10000
243,2,120,3,3,0,1,72,8640
243,3,150,3,3,0,1,22,3300
244,0,80,4,3,0,1,115,9200
244,1,100,4,3,0,1,91,9100
244,2,120,4,3,0,1,62,7440
244,3,150,4,3,0,1,37,5550
245,0,80,5,3,0,1,123,9840
245,1,100,5,3,0,1,98,9800
245,2,120,5,3,0,1,56,6720
245,3,150,5,3,0,1,29,4350
246,0,80,6,3,0,1,123,9840
246,1,100,6,3,0,1,87,8700
246,2,120,6,3,0,1,59,7080
246,3,150,6,3,0,1,38,5700
247,0,80,7,3,0,1,110,8800
247,1,100,7,3,0,1,105,10500
247,2,120,7,3,0,1,53,6360
247,3,150,7,3,0,1,35,5250
248,0,80,8,3,1,1,165,13200
248,1,100,8,3,1,1,117,11700
248,2,120,8,3,1,1,74,8880
248,3,150,8,3,1,1,32,4800
249,0,80,9,3,1,1,165,13200
249,1,100,9,3,1,1,132,13200
249,2,120,9,3,1,1,82,9840
249,3,150,9,3,1,1,37,5550
250,0,80,10,3,1,1,158,12640
250,1,100,10,3,1,1,121,12100
250,2,120,10,3,1,1,73,8760
250,3,150,10,3,1,1,32,4800
251,0,80,11,3,0,1,133,10640
251,1,100,11,3,0,1,108,10800
251,2,120,11,3,0,1,47,5640
251,3,150,11,3,0,1,33,4950
252,0,80,12,3,1,1,175,14000
252,1,100,12,3,1,1,124,12400
252,2,120,12,3,1,1,83,9960
252,3,150,12,3,1,1,39,5850
253,0,80,13,3,1,1,149,11920
253,1,100,13,3,1,1,121,12100
253,2,120,13,3,1,1,60,7200
253,3,150,13,3,1,1,42,6300
254,0,80,14,3,1,1,167,13360
254,1,100,14,3,1,1,126,12600
254,2,120,14,3,1,1,84,10080
254,3,150,14,3,1,1,42,6300
255,0,80,15,3,0,1,117,9360
255,1,100,15,3,0,1,106,10600
255,2,120,15,3,0,1,49,5880
255,3,150,15,3,0,1,26,3900
256,0,80,16,3,0,1,136,10880
256,1,100,16,3,0,1,96,9600
256,2,120,16,3,0,1,61,7320
256,3,150,16,3,0,1,35,5250
257,0,80,17,3,0,1,120,9600
257,1,100,17,3,0,1,81,8100
257,2,120,17,3,0,1,59,7080
257,3,150,17,3,0,1,31,4650
258,0,80,18,3,1,1,143,11440
258,1,100,18,3,1,1,133,13300
258,2,120,18,3,1,1,89,10680
258,3,150,18,3,1,1,31,4650
259,0,80,19,3,1,1,194,15520
259,1,100,19,3,1,1,137,13700
259,2,120,19,3,1,1,82,9840
259,3,150,19,3,1,1,47,7050
260,0,80,20,3,1,1,153,12240
260,1,100,20,3,1,1,122,12200
260,2,120,20,3,1,1,80,9600
260,3,150,20,3,1,1,32,4800
261,0,80,21,3,1,1,151,12080
261,1,100,21,3,1,1,108,10800
261,2,120,21,3,1,1,82,9840
261,3,150,21,3,1,1,33,4950
262,0,80,22,3,0,1,120,9600
262,1,100,22,3,0,1,109,10900
262,2,120,22,3,0,1,75,9000
262,3,150,22,3,0,1,37,5550
263,0,80,23,3,0,1,128,10240
263,1,100,23,3,0,1,99,9900
263,2,120,23,3,0,1,82,9840
263,3,150,23,3,0,1,36,5400
264,0,80,0,4,0,1,125,10000
264,1,100,0,4,0,1,89,8900
264,2,120,0,4,0,1,63,7560
264,3,150,0,4,0,1,48,7200
265,0,80,1,4,0,1,118,9440
265,1,100,1,4,0,1,95,9500
265,2,120,1,4,0,1,57,6840
265,3,150,1,4,0,1,30,4500
266,0,80,2,4,0,1,128,10240
266,1,100,2,4,0,1,101,10100
266,2,120,2,4,0,1,65,7800
266,3,150,2,4,0,1,17,2550
267,0,80,3,4,0,1,133,10640
267,1,100,3,4,0,1,95,9500
267,2,120,3,4,0,1,67,8040
267,3,150,3,4,0,1,21,3150
268,0,80,4,4,0,1,119,9520
268,1,100,4,4,0,1,92,9200
268,2,120,4,4,0,1,66,7920
268,3,150,4,4,0,1,28,4200
269,0,80,5,4,0,1,106,8480
269,1,100,5,4,0,1,91,9100
269,2,120,5,4,0,1,61,7320
269,3,150,5,4,0,1,15,2250
270,0,80,6,4,0,1,128,10240
270,1,100,6,4,0,1,98,9800
270,2,120,6,4,0,1,73,8760
270,3,150,6,4,0,1,31,4650
271,0,80,7,4,0,1,117,9360
271,1,100,7,4,0,1,84,8400
271,2,120,7,4,0,1,64,7680
271,3,150,7,4,0,1,32,4800
272,0,80,8,4,1,1,154,12320
272,1,100,8,4,1,1,103,10300
272,2,120,8,4,1,1,94,11280
272,3,150,8,4,1,1,41,6150
273,0,80,9,4,1,1,161,12880
273,1,100,9,4,1,1,133,13300
273,2,120,9,4,1,1,87,10440
273,3,150,9,4,1,1,42,6300
274,0,80,10,4,1,1,154,12320
274,1,100,10,4,1,1,129,12900
274,2,120,10,4,1,1,85,10200
274,3,150,10,4,1,1,47,7050
275,0,80,11,4,0,1,123,9840
275,1,100,11,4,0,1,90,9000
275,2,120,11,4,0,1,51,6120
275,3,150,11,4,0,1,38,5700
276,0,80,12,4,1,1,158,12640
276,1,100,12,4,1,1,121,12100
276,2,120,12,4,1,1,94,11280
276,3,150,12,4,1,1,42,6300
277,0,80,13,4,1,1,166,13280
277,1,100,13,4,1,1,118,11800
277,2,120,13,4,1,1,83,9960
277,3,150,13,4,1,1,40,6000
278,0,80,14,4,1,1,172,13760
278,1,100,14,4,1,1,132,13200
278,2,120,14,4,1,1,70,8400
278,3,150,14,4,1,1,36,5400
279,0,80,15,4,0,1,116,9280
279,1,100,15,4,0,1,86,8600
279,2,120,15,4,0,1,80,9600
279,3,150,15,4,0,1,39,5850
280,0,80,16,4,0,1,136,10880
280,1,100,16,4,0,1,90,9000
280,2,120,16,4,0,1,67,8040
280,3,150,16,4,0,1,29,4350
281,0,80,17,4,0,1,132,10560
281,1,100,17,4,0,1,108,10800
281,2,120,17,4,0,1,54,6480
281,3,150,17,4,0,1,49,7350
282,0,80,18,4,1,1,152,12160
282,1,100,18,4,1,1,135,13500
282,2,120,18,4,1,1,81,9720
282,3,150,18,4,1,1,38,5700
283,0,80,19,4,1,1,148,11840
283,1,100,19,4,1,1,132,13200
283,2,120,19,4,1,1,78,9360
283,3,150,19,4,1,1,42,6300
284,0,80,20,4,1,1,153,12240
284,1,100,20,4,1,1,110,11000
284,2,120,20,4,1,1,87,10440
284,3,150,20,4,1,1,34,5100
285,0,80,21,4,1,1,157,12560
285,1,100,21,4,1,1,111,11100
285,2,120,21,4,1,1,81,9720
285,3,150,21,4,1,1,35,5250
286,0,80,22,4,0,1,137,10960
286,1,100,22,4,0,1,107,10700
286,2,120,22,4,0,1,73,8760
286,3,150,22,4,0,1,34,5100
287,0,80,23,4,0,1,130,10400
287,1,100,23,4,0,1,79,7900
287,2,120,23,4,0,1,61,7320
287,3,150,23,4,0,1,25,3750
288,0,80,0,5,0,0,114,9120
288,1,100,0,5,0,0,82,8200
288,2,120,0,5,0,0,53,6360
288,3,150,0,5,0,0,21,3150
289,0,80,1,5,0,0,86,6880
289,1,100,1,5,0,0,78,7800
289,2,120,1,5,0,0,44,5280
289,3,150,1,5,0,0,28,4200
290,0,80,2,5,0,0,119,9520
290,1,100,2,5,0,0,85,8500
290,2,120,2,5,0,0,58,6960
290,3,150,2,5,0,0,27,4050
291,0,80,3,5,0,0,105,8400
291,1,100,3,5,0,0,58,5800
291,2,120,3,5,0,0,40,4800
291,3,150,3,5,0,0,22,3300
292,0,80,4,5,0,0,90,7200
292,1,100,4,5,0,0,80,8000
292,2,120,4,5,0,0,45,5400
292,3,150,4,5,0,0,24,3600
293,0,80,5,5,0,0,93,7440
293,1,100,5,5,0,0,74,7400
293,2,120,5,5,0,0,57,6840
293,3,150,5,5,0,0,20,3000
294,0,80,6,5,0,0,99,7920
294,1,100,6,5,0,0,80,8000
294,2,120,6,5,0,0,53,6360
294,3,150,6,5,0,0,23,3450
295,0,80,7,5,0,0,109,8720
295,1,100,7,5,0,0,73,7300
295,2,120,7,5,0,0,43,5160
295,3,150,7,5,0,0,21,3150
296,0,80,8,5,1,0,108,8640
296,1,100,8,5,1,0,72,7200
296,2,120,8,5,1,0,57,6840
296,3,150,8,5,1,0,27,4050
297,0,80,9,5,1,0,108,8640
297,1,100,9,5,1,0,73,7300
297,2,120,9,5,1,0,46,5520
297,3,150,9,5,1,0,24,3600
298,0,80,10,5,1,0,97,7760
298,1,100,10,5,1,0,91,9100
298,2,120,10,5,1,0,53,6360
298,3,150,10,5,1,0,18,2700
299,0,80,11,5,0,0,93,7440
299,1,100,11,5,0,0,76,7600
299,2,120,11,5,0,0,42,5040
299,3,150,11,5,0,0,26,3900
300,0,80,12,5,1,0,101,8080
300,1,100,12,5,1,0,62,6200
300,2,120,12,5,1,0,52,6240
300,3,150,12,5,1,0,27,4050
301,0,80,13,5,1,0,97,7760
301,1,100,13,5,1,0,72,7200
301,2,120,13,5,1,0,71,8520
301,3,150,13,5,1,0,34,5100
302,0,80,14,5,1,0,106,8480
302,1,100,14,5,1,0,76,7600
302,2,120,14,5,1,0,49,5880
302,3,150,14,5,1,0,21,3150
303,0,80,15,5,0,0,89,7120
303,1,100,15,5,0,0,58,5800
303,2,120,15,5,0,0,54,6480
303,3,150,15,5,0,0,23,3450
304,0,80,16,5,0,0,103,8240
304,1,100,16,5,0,0,77,7700
304,2,120,16,5,0,0,54,6480
304,3,150,16,5,0,0,22,3300
305,0,80,17,5,0,0,92,7360
305,1,100,17,5,0,0,84,8400
305,2,120,17,5,0,0,45,5400
305,3,150,17,5,0,0,22,3300
306,0,80,18,5,1,0,88,7040
306,1,100,18,5,1,0,65,6500
306,2,120,18,5,1,0,50,6000
306,3,150,18,5,1,0,19,2850
307,0,80,19,5,1,0,85,6800
307,1,100,19,5,1,0,69,6900
307,2,120,19,5,1,0,46,5520
307,3,150,19,5,1,0,26,3900
308,0,80,20,5,1,0,99,7920
308,1,100,20,5,1,0,64,6400
308,2,120,20,5,1,0,50,6000
308,3,150,20,5,1,0,27,4050
309,0,80,21,5,1,0,107,8560
309,1,100,21,5,1,0,78,7800
309,2,120,21,5,1,0,39,4680
309,3,150,21,5,1,0,15,2250
310,0,80,22,5,0,0,80,6400
310,1,100,22,5,0,0,65,6500
310,2,120,22,5,0,0,46,5520
310,3,150,22,5,0,0,26,3900
311,0,80,23,5,0,0,105,8400
311,1,100,23,5,0,0,85,8500
311,2,120,23,5,0,0,44,5280
311,3,150,23,5,0,0,17,2550
312,0,80,0,6,0,0,103,8240
312,1,100,0,6,0,0,60,6000
312,2,120,0,6,0,0,46,5520
312,3,150,0,6,0,0,29,4350
313,0,80,1,6,0,0,93,7440
313,1,100,1,6,0,0,94,9400
313,2,120,1,6,0,0,46,5520
313,3,150,1,6,0,0,23,3450
314,0,80,2,6,0,0,99,7920
314,1,100,2,6,0,0,70,7000
314,2,120,2,6,0,0,45,5400
314,3,150,2,6,0,0,27,4050
315,0,80,3,6,0,0,109,8720
315,1,100,3,6,0,0,69,6900
315,2,120,3,6,0,0,53,6360
315,3,150,3,6,0,0,20,3000
316,0,80,4,6,0,0,97,7760
316,1,100,4,6,0,0,82,8200
316,2,120,4,6,0,0,49,5880
316,3,150,4,6,0,0,34,5100
317,0,80,5,6,0,0,114,9120
317,1,100,5,6,0,0,79,7900
317,2,120,5,6,0,0,52,6240
317,3,150,5,6,0,0,27,4050
318,0,80,6,6,0,0,91,7280
318,1,100,6,6,0,0,78,7800
318,2,120,6,6,0,0,47,5640
318,3,150,6,6,0,0,24,3600
319,0,80,7,6,0,0,107,8560
319,1,100,7,6,0,0,84,8400
319,2,120,7,6,0,0,47,5640
319,3,150,7,6,0,0,27,4050
320,0,80,8,6,1,0,92,7360
320,1,100,8,6,1,0,79,7900
320,2,120,8,6,1,0,56,6720
320,3,150,8,6,1,0,20,3000
321,0,80,9,6,1,0,102,8160
321,1,100,9,6,1,0,74,7400
321,2,120,9,6,1,0,38,4560
321,3,150,9,6,1,0,21,3150
322,0,80,10,6,1,0,124,9920
322,1,100,10,6,1,0,79,7900
322,2,120,10,6,1,0,47,5640
322,3,150,10,6,1,0,22,3300
323,0,80,11,6,0,0,107,8560
323,1,100,11,6,0,0,74,7400
323,2,120,11,6,0,0,42,5040
323,3,150,11,6,0,0,21,3150
324,0,80,12,6,1,0,89,7120
324,1,100,12,6,1,0,71,7100
324,2,120,12,6,1,0,43,5160
324,3,150,12,6,1,0,26,3900
325,0,80,13,6,1,0,98,7840
325,1,100,13,6,1,0,62,6200
325,2,120,13,6,1,0,55,6600
325,3,150,13,6,1,0,31,4650
326,0,80,14,6,1,0,109,8720
326,1,100,14,6,1,0,70,7000
326,2,120,14,6,1,0,58,6960
326,3,150,14,6,1,0,29,4350
327,0,80,15,6,0,0,113,9040
327,1,100,15,6,0,0,72,7200
327,2,120,15,6,0,0,43,5160
327,3,150,15,6,0,0,16,2400
328,0,80,16,6,0,0,117,9360
328,1,100,16,6,0,0,65,6500
328,2,120,16,6,0,0,52,6240
328,3,150,16,6,0,0,17,2550
329,0,80,17,6,0,0,83,6640
329,1,100,17,6,0,0,80,8000
329,2,120,17,6,0,0,59,7080
329,3,150,17,6,0,0,35,5250
330,0,80,18,6,1,0,100,8000
330,1,100,18,6,1,0,57,5700
330,2,120,18,6,1,0,55,6600
330,3,150,18,6,1,0,19,2850
331,0,80,19,6,1,0,91,7280
331,1,100,19,6,1,0,77,7700
331,2,120,19,6,1,0,53,6360
331,3,150,19,6,1,0,26,3900
332,0,80,20,6,1,0,117,9360
332,1,100,20,6,1,0,91,9100
332,2,120,20,6,1,0,40,4800
332,3,150,20,6,1,0,23,3450
333,0,80,21,6,1,0,110,8800
333,1,100,21,6,1,0,65,6500
333,2,120,21,6,1,0,47,5640
333,3,150,21,6,1,0,22,3300
334,0,80,22,6,0,0,94,7520
334,1,100,22,6,0,0,82,8200
334,2,120,22,6,0,0,41,4920
334,3,150,22,6,0,0,28,4200
335,0,80,23,6,0,0,105,8400
335,1,100,23,6,0,0,74,7400
335,2,120,23,6,0,0,51,6120
335,3,150,23,6,0,0,19,2850
336,0,80,0,0,0,1,152,12160
336,1,100,0,0,0,1,90,9000
336,2,120,0,0,0,1,75,9000
336,3,150,0,0,0,1,41,6150
337,0,80,1,0,0,1,110,8800
337,1,100,1,0,0,1,90,9000
337,2,120,1,0,0,1,74,8880
337,3,150,1,0,0,1,27,4050
338,0,80,2,0,0,1,109,8720
338,1,100,2,0,0,1,96,9600
338,2,120,2,0,0,1,49,5880
338,3,150,2,0,0,1,21,3150
339,0,80,3,0,0,1,120,9600
339,1,100,3,0,0,1,84,8400
339,2,120,3,0,0,1,81,9720
339,3,150,3,0,0,1,34,5100
340,0,80,4,0,0,1,133,10640
340,1,100,4,0,0,1,94,9400
340,2,120,4,0,0,1,59,7080
340,3,150,4,0,0,1,34,5100
341,0,80,5,0,0,1,118,9440
341,1,100,5,0,0,1,85,8500
341,2,120,5,0,0,1,66,7920
341,3,150,5,0,0,1,22,3300
342,0,80,6,0,0,1,121,9680
342,1,100,6,0,0,1,97,9700
342,2,120,6,0,0,1,63,7560
342,3,150,6,0,0,1,36,5400
343,0,80,7,0,0,1,125,10000
343,1,100,7,0,0,1,114,11400
343,2,120,7,0,0,1,68,8160
343,3,150,7,0,0,1,20,3000
344,0,80,8,0,1,1,167,13360
344,1,100,8,0,1,1,124,12400
344,2,120,8,0,1,1,76,9120
344,3,150,8,0,1,1,46,6900
345,0,80,9,0,1,1,142,11360
345,1,100,9,0,1,1,130,13000
345,2,120,9,0,1,1,85,10200
345,3,150,9,0,1,1,39,5850
346,0,80,10,0,1,1,164,13120
346,1,100,10,0,1,1,146,14600
346,2,120,10,0,1,1,78,9360
346,3,150,10,0,1,1,41,6150
347,0,80,11,0,0,1,119,9520
347,1,100,11,0,0,1,90,9000
347,2,120,11,0,0,1,54,6480
347,3,150,11,0,0,1,31,4650
348,0,80,12,0,1,1,176,14080
348,1,100,12,0,1,1,132,13200
348,2,120,12,0,1,1,56,6720
348,3,150,12,0,1,1,41,6150
349,0,80,13,0,1,1,166,13280
349,1,100,13,0,1,1,129,12900
349,2,120,13,0,1,1,77,9240
349,3,150,13,0,1,1,42,6300
350,0,80,14,0,1,1,157,12560
350,1,100,14,0,1,1,129,12900
350,2,120,14,0,1,1,70,8400
350,3,150,14,0,1,1,50,7500
351,0,80,15,0,0,1,140,11200
351,1,100,15,0,0,1,95,9500
351,2,120,15,0,0,1,62,7440
351,3,150,15,0,0,1,28,4200
352,0,80,16,0,0,1,146,11680
352,1,100,16,0,0,1,85,8500
352,2,120,16,0,0,1,64,7680
352,3,150,16,0,0,1,30,4500
353,0,80,17,0,0,1,112,8960
353,1,100,17,0,0,1,128,12800
353,2,120,17,0,0,1,49,5880
353,3,150,17,0,0,1,35,5250
354,0,80,18,0,1,1,140,11200
354,1,100,18,0,1,1,124,12400
354,2,120,18,0,1,1,94,11280
354,3,150,18,0,1,1,41,6150
355,0,80,19,0,1,1,164,13120
355,1,100,19,0,1,1,128,12800
355,2,120,19,0,1,1,82,9840
355,3,150,19,0,1,1,37,5550
356,0,80,20,0,1,1,168,13440
356,1,100,20,0,1,1,137,13700
356,2,120,20,0,1,1,86,10320
356,3,150,20,0,1,1,33,4950
357,0,80,21,0,1,1,143,11440
357,1,100,21,0,1,1,143,14300
357,2,120,21,0,1,1,84,10080
357,3,150,21,0,1,1,30,4500
358,0,80,22,0,0,1,120,9600
358,1,100,22,0,0,1,87,8700
358,2,120,22,0,0,1,43,5160
358,3,150,22,0,0,1,39,5850
359,0,80,23,0,0,1,132,10560
359,1,100,23,0,0,1,90,9000
359,2,120,23,0,0,1,68,8160
359,3,150,23,0,0,1,31,4650
360,0,80,0,1,0,1,135,10800
360,1,100,0,1,0,1,98,9800
360,2,120,0,1,0,1,62,7440
360,3,150,0,1,0,1,32,4800
361,0,80,1,1,0,1,128,10240
361,1,100,1,1,0,1,113,11300
361,2,120,1,1,0,1,62,7440
361,3,150,1,1,0,1,38,5700
362,0,80,2,1,0,1,133,10640
362,1,100,2,1,0,1,100,10000
362,2,120,2,1,0,1,56,6720
362,3,150,2,1,0,1,33,4950
363,0,80,3,1,0,1,140,11200
363,1,100,3,1,0,1,82,8200
363,2,120,3,1,0,1,68,8160
363,3,150,3,1,0,1,30,4500
364,0,80,4,1,0,1,123,9840
364,1,100,4,1,0,1,101,10100
364,2,120,4,1,0,1,63,7560
364,3,150,4,1,0,1,35,5250
365,0,80,5,1,0,1,145,11600
365,1,100,5,1,0,1,98,9800
365,2,120,5,1,0,1,64,7680
365,3,150,5,1,0,1,32,4800
366,0,80,6,1,0,1,110,8800
366,1,100,6,1,0,1,95,9500
366,2,120,6,1,0,1,51,6120
366,3,150,6,1,0,1,38,5700
367,0,80,7,1,0,1,101,8080
367,1,100,7,1,0,1,94,9400
367,2,120,7,1,0,1,68,8160
367,3,150,7,1,0,1,27,4050
368,0,80,8,1,1,1,149,11920
368,1,100,8,1,1,1,139,13900
368,2,120,8,1,1,1,95,11400
368,3,150,8,1,1,1,38,5700
369,0,80,9,1,1,1,146,11680
369,1,100,9,1,1,1,137,13700
369,2,120,9,1,1,1,78,9360
369,3,150,9,1,1,1,37,5550
370,0,80,10,1,1,1,164,13120
370,1,100,10,1,1,1,127,12700
370,2,120,10,1,1,1,88,10560
370,3,150,10,1,1,1,51,7650
371,0,80,11,1,0,1,140,11200
371,1,100,11,1,0,1,106,10600
371,2,120,11,1,0,1,70,8400
371,3,150,11,1,0,1,28,4200
372,0,80,12,1,1,1,157,12560
372,1,100,12,1,1,1,135,13500
372,2,120,12,1,1,1,89,10680
372,3,150,12,1,1,1,46,6900
373,0,80,13,1,1,1,161,12880
373,1,100,13,1,1,1,142,14200
373,2,120,13,1,1,1,79,9480
373,3,150,13,1,1,1,47,7050
374,0,80,14,1,1,1,177,14160
374,1,100,14,1,1,1,134,13400
374,2,120,14,1,1,1,103,12360
374,3,150,14,1,1,1,37,5550
375,0,80,15,1,0,1,126,10080
375,1,100,15,1,0,1,114,11400
375,2,120,15,1,0,1,53,6360
375,3,150,15,1,0,1,26,3900
376,0,80,16,1,0,1,132,10560
376,1,100,16,1,0,1,98,9800
376,2,120,16,1,0,1,66,7920
376,3,150,16,1,0,1,29,4350
377,0,80,17,1,0,1,130,10400
377,1,100,17,1,0,1,93,9300
377,2,120,17,1,0,1,67,8040
377,3,150,17,1,0,1,39,5850
378,0,80,18,1,1,1,170,13600
378,1,100,18,1,1,1,126,12600
378,2,120,18,1,1,1,84,10080
378,3,150,18,1,1,1,48,7200
379,0,80,19,1,1,1,177,14160
379,1,100,19,1,1,1,116,11600
379,2,120,19,1,1,1,91,10920
379,3,150,19,1,1,1,38,5700
380,0,80,20,1,1,1,154,12320
380,1,100,20,1,1,1,116,11600
380,2,120,20,1,1,1,77,9240
380,3,150,20,1,1,1,37,5550
381,0,80,21,1,1,1,150,12000
381,1,100,21,1,1,1,138,13800
381,2,120,21,1,1,1,74,8880
381,3,150,21,1,1,1,50,7500
382,0,80,22,1,0,1,117,9360
382,1,100,22,1,0,1,86,8600
382,2,120,22,1,0,1,60,7200
382,3,150,22,1,0,1,29,4350
383,0,80,23,1,0,1,120,9600
383,1,100,23,1,0,1,90,9000
383,2,120,23,1,0,1,58,6960
383,3,150,23,1,0,1,36,5400
384,0,80,0,2,0,1,124,9920
384,1,100,0,2,0,1,85,8500
384,2,120,0,2,0,1,60,7200
384,3,150,0,2,0,1,33,4950
385,0,80,1,2,0,1,109,8720
385,1,100,1,2,0,1,102,10200
385,2,120,1,2,0,1,58,6960
385,3,150,1,2,0,1,39,5850
386,0,80,2,2,0,1,129,10320
386,1,100,2,2,0,1,75,7500
386,2,120,2,2,0,1,59,7080
386,3,150,2,2,0,1,31,4650
387,0,80,3,2,0,1,141,11280
387,1,100,3,2,0,1,102,10200
387,2,120,3,2,0,1,79,9480
387,3,150,3,2,0,1,34,5100
388,0,80,4,2,0,1,140,11200
388,1,100,4,2,0,1,105,10500
388,2,120,4,2,0,1,84,10080
388,3,150,4,2,0,1,35,5250
389,0,80,5,2,0,1,129,10320
389,1,100,5,2,0,1,88,8800
389,2,120,5,2,0,1,71,8520
389,3,150,5,2,0,1,26,3900
390,0,80,6,2,0,1,140,11200
390,1,100,6,2,0,1,79,7900
390,2,120,6,2,0,1,57,6840
390,3,150,6,2,0,1,28,4200
391,0,80,7,2,0,1,108,8640
391,1,100,7,2,0,1,94,9400
391,2,120,7,2,0,1,62,7440
391,3,150,7,2,0,1,27,4050
392,0,80,8,2,1,1,188,15040
392,1,100,8,2,1,1,105,10500
392,2,120,8,2,1,1,64,7680
392,3,150,8,2,1,1,41,6150
393,0,80,9,2,1,1,171,13680
393,1,100,9,2,1,1,129,12900
393,2,120,9,2,1,1,91,10920
393,3,150,9,2,1,1,45,6750
394,0,80,10,2,1,1,143,11440
394,1,100,10,2,1,1,145,14500
394,2,120,10,2,1,1,83,9960
394,3,150,10,2,1,1,58,8700
395,0,80,11,2,0,1,122,9760
395,1,100,11,2,0,1,86,8600
395,2,120,11,2,0,1,65,7800
395,3,150,11,2,0,1,34,5100
396,0,80,12,2,1,1,162,12960
396,1,100,12,2,1,1,117,11700
396,2,120,12,2,1,1,87,10440
396,3,150,12,2,1,1,42,6300
397,0,80,13,2,1,1,167,13360
397,1,100,13,2,1,1,121,12100
397,2,120,13,2,1,1,80,9600
397,3,150,13,2,1,1,45,6750
398,0,80,14,2,1,1,175,14000
398,1,100,14,2,1,1,125,12500
398,2,120,14,2,1,1,89,10680
398,3,150,14,2,1,1,37,5550
399,0,80,15,2,0,1,149,11920
399,1,100,15,2,0,1,94,9400
399,2,120,15,2,0,1,61,7320
399,3,150,15,2,0,1,28,4200
400,0,80,16,2,0,1,133,10640
400,1,100,16,2,0,1,104,10400
400,2,120,16,2,0,1,68,8160
400,3,150,16,2,0,1,34,5100
401,0,80,17,2,0,1,155,12400
401,1,100,17,2,0,1,102,10200
401,2,120,17,2,0,1,57,6840
401,3,150,17,2,0,1,30,4500
402,0,80,18,2,1,1,160,12800
402,1,100,18,2,1,1,127,12700
402,2,120,18,2,1,1,91,10920
402,3,150,18,2,1,1,45,6750
403,0,80,19,2,1,1,164,13120
403,1,100,19,2,1,1,129,12900
403,2,120,19,2,1,1,103,12360
403,3,150,19,2,1,1,42,6300
404,0,80,20,2,1,1,169,13520
404,1,100,20,2,1,1,119,11900
404,2,120,20,2,1,1,69,8280
404,3,150,20,2,1,1,45,6750
405,0,80,21,2,1,1,209,16720
405,1,100,21,2,1,1,144,14400
405,2,120,21,2,1,1,71,8520
405,3,150,21,2,1,1,41,6150
406,0,80,22,2,0,1,147,11760
406,1,100,22,2,0,1,90,9000
406,2,120,22,2,0,1,53,6360
406,3,150,22,2,0,1,25,3750
407,0,80,23,2,0,1,134,10720
407,1,100,23,2,0,1,92,9200
407,2,120,23,2,0,1,64,7680
407,3,150,23,2,0,1,32,4800
408,0,80,0,3,0,1,141,11280
408,1,100,0,3,0,1,92,9200
408,2,120,0,3,0,1,64,7680
408,3,150,0,3,0,1,34,5100
409,0,80,1,3,0,1,117,9360
409,1,100,1,3,0,1,91,9100
409,2,120,1,3,0,1,56,6720
409,3,150,1,3,0,1,32,4800
410,0,80,2,3,0,1,113,9040
410,1,100,2,3,0,1,96,9600
410,2,120,2,3,0,1,64,7680
410,3,150,2,3,0,1,32,4800
411,0,80,3,3,0,1,122,9760
411,1,100,3,3,0,1,95,9500
411,2,120,3,3,0,1,49,5880
411,3,150,3,3,0,1,26,3900
412,0,80,4,3,0,1,115,9200
412,1,100,4,3,0,1,86,8600
412,2,120,4,3,0,1,74,8880
412,3,150,4,3,0,1,30,4500
413,0,80,5,3,0,1,151,12080
413,1,100,5,3,0,1,77,7700
413,2,120,5,3,0,1,52,6240
413,3,150,5,3,0,1,29,4350
414,0,80,6,3,0,1,134,10720
414,1,100,6,3,0,1,91,9100
414,2,120,6,3,0,1,63,7560
414,3,150,6,3,0,1,31,4650
415,0,80,7,3,0,1,154,12320
415,1,100,7,3,0,1,96,9600
415,2,120,7,3,0,1,49,5880
415,3,150,7,3,0,1,20,3000
416,0,80,8,3,1,1,165,13200
416,1,100,8,3,1,1,106,10600
416,2,120,8,3,1,1,85,10200
416,3,150,8,3,1,1,39,5850
417,0,80,9,3,1,1,154,12320
417,1,100,9,3,1,1,105,10500
417,2,120,9,3,1,1,75,9000
417,3,150,9,3,1,1,31,4650
418,0,80,10,3,1,1,159,12720
418,1,100,10,3,1,1,131,13100
418,2,120,10,3,1,1,93,11160
418,3,150,10,3,1,1,42,6300
419,0,80,11,3,0,1,127,10160
419,1,100,11,3,0,1,84,8400
419,2,120,11,3,0,1,58,6960
419,3,150,11,3,0,1,42,6300
420,0,80,12,3,1,1,168,13440
420,1,100,12,3,1,1,115,11500
420,2,120,12,3,1,1,68,8160
420,3,150,12,3,1,1,36,5400
421,0,80,13,3,1,1,158,12640
421,1,100,13,3,1,1,129,12900
421,2,120,13,3,1,1,82,9840
421,3,150,13,3,1,1,41,6150
422,0,80,14,3,1,1,171,13680
422,1,100,14,3,1,1,109,10900
422,2,120,14,3,1,1,77,9240
422,3,150,14,3,1,1,39,5850
423,0,80,15,3,0,1,125,10000
423,1,100,15,3,0,1,95,9500
423,2,120,15,3,0,1,57,6840
423,3,150,15,3,0,1,29,4350
424,0,80,16,3,0,1,152,12160
424,1,100,16,3,0,1,97,9700
424,2,120,16,3,0,1,72,8640
424,3,150,16,3,0,1,30,4500
425,0,80,17,3,0,1,114,9120
425,1,100,17,3,0,1,82,8200
425,2,120,17,3,0,1,58,6960
425,3,150,17,3,0,1,41,6150
426,0,80,18,3,1,1,161,12880
426,1,100,18,3,1,1,121,12100
426,2,120,18,3,1,1,87,10440
426,3,150,18,3,1,1,34,5100
427,0,80,19,3,1,1,160,12800
427,1,100,19,3,1,1,132,13200
427,2,120,19,3,1,1,84,10080
427,3,150,19,3,1,1,42,6300
428,0,80,20,3,1,1,142,11360
428,1,100,20,3,1,1,107,10700
428,2,120,20,3,1,1,93,11160
428,3,150,20,3,1,1,36,5400
429,0,80,21,3,1,1,169,13520
429,1,100,21,3,1,1,130,13000
429,2,120,21,3,1,1,77,9240
429,3,150,21,3,1,1,42,6300
430,0,80,22,3,0,1,145,11600
430,1,100,22,3,0,1,102,10200
430,2,120,22,3,0,1,77,9240
430,3,150,22,3,0,1,29,4350
431,0,80,23,3,0,1,137,10960
431,1,100,23,3,0,1,104,10400
431,2,120,23,3,0,1,66,7920
431,3,150,23,3,0,1,29,4350
432,0,80,0,4,0,1,143,11440
432,1,100,0,4,0,1,96,9600
432,2,120,0,4,0,1,69,8280
432,3,150,0,4,0,1,31,4650
433,0,80,1,4,0,1,128,10240
433,1,100,1,4,0,1,96,9600
433,2,120,1,4,0,1,69,8280
433,3,150,1,4,0,1,30,4500
434,0,80,2,4,0,1,126,10080
434,1,100,2,4,0,1,94,9400
434,2,120,2,4,0,1,57,6840
434,3,150,2,4,0,1,31,4650
435,0,80,3,4,0,1,130,10400
435,1,100,3,4,0,1,111,11100
435,2,120,3,4,0,1,62,7440
435,3,150,3,4,0,1,32,4800
436,0,80,4,4,0,1,141,11280
436,1,100,4,4,0,1,99,9900
436,2,120,4,4,0,1,64,7680
436,3,150,4,4,0,1,37,5550
437,0,80,5,4,0,1,132,10560
437,1,100,5,4,0,1,102,10200
437,2,120,5,4,0,1,68,8160
437,3,150,5,4,0,1,41,6150
438,0,80,6,4,0,1,111,8880
438,1,100,6,4,0,1,77,7700
438,2,120,6,4,0,1,50,6000
438,3,150,6,4,0,1,33,4950
439,0,80,7,4,0,1,120,9600
439,1,100,7,4,0,1,82,8200
439,2,120,7,4,0,1,55,6600
439,3,150,7,4,0,1,26,3900
440,0,80,8,4,1,1,147,11760
440,1,100,8,4,1,1,133,13300
440,2,120,8,4,1,1,74,8880
440,3,150,8,4,1,1,40,6000
441,0,80,9,4,1,1,173,13840
441,1,100,9,4,1,1,123,12300
441,2,120,9,4,1,1,85,10200
441,3,150,9,4,1,1,45,6750
442,0,80,10,4,1,1,152,12160
442,1,100,10,4,1,1,119,11900
442,2,120,10,4,1,1,75,9000
442,3,150,10,4,1,1,43,6450
443,0,80,11,4,0,1,129,10320
443,1,100,11,4,0,1,131,13100
443,2,120,11,4,0,1,69,8280
443,3,150,11,4,0,1,21,3150
444,0,80,12,4,1,1,161,12880
444,1,100,12,4,1,1,125,12500
444,2,120,12,4,1,1,91,10920
444,3,150,12,4,1,1,41,6150
445,0,80,13,4,1,1,174,13920
445,1,100,13,4,1,1,138,13800
445,2,120,13,4,1,1,74,8880
445,3,150,13,4,1,1,38,5700
446,0,80,14,4,1,1,153,12240
446,1,100,14,4,1,1,137,13700
446,2,120,14,4,1,1,105,12600
446,3,150,14,4,1,1,37,5550
447,0,80,15,4,0,1,134,10720
447,1,100,15,4,0,1,93,9300
447,2,120,15,4,0,1,71,8520
447,3,150,15,4,0,1,27,4050
448,0,80,16,4,0,1,124,9920
448,1,100,16,4,0,1,89,8900
448,2,120,16,4,0,1,66,7920
448,3,150,16,4,0,1,40,6000
449,0,80,17,4,0,1,146,11680
449,1,100,17,4,0,1,79,7900
449,2,120,17,4,0,1,49,5880
449,3,150,17,4,0,1,38,5700
450,0,80,18,4,1,1,164,13120
450,1,100,18,4,1,1,125,12500
450,2,120,18,4,1,1,82,9840
450,3,150,18,4,1,1,42,6300
451,0,80,19,4,1,1,192,15360
451,1,100,19,4,1,1,125,12500
451,2,120,19,4,1,1,76,9120
451,3,150,19,4,1,1,54,8100
452,0,80,20,4,1,1,181,14480
452,1,100,20,4,1,1,136,13600
452,2,120,20,4,1,1,86,10320
452,3,150,20,4,1,1,35,5250
453,0,80,21,4,1,1,142,11360
453,1,100,21,4,1,1,137,13700
453,2,120,21,4,1,1,83,9960
453,3,150,21,4,1,1,33,4950
454,0,80,22,4,0,1,130,10400
454,1,100,22,4,0,1,96,9600
454,2,120,22,4,0,1,55,6600
454,3,150,22,4,0,1,35,5250
455,0,80,23,4,0,1,144,11520
455,1,100,23,4,0,1,118,11800
455,2,120,23,4,0,1,63,7560
455,3,150,23,4,0,1,27,4050
456,0,80,0,5,0,0,110,8800
456,1,100,0,5,0,0,76,7600
456,2,120,0,5,0,0,42,5040
456,3,150,0,5,0,0,22,3300
457,0,80,1,5,0,0,102,8160
457,1,100,1,5,0,0,79,7900
457,2,120,1,5,0,0,56,6720
457,3,150,1,5,0,0,33,4950
458,0,80,2,5,0,0,103,8240
458,1,100,2,5,0,0,69,6900
458,2,120,2,5,0,0,47,5640
458,3,150,2,5,0,0,29,4350
459,0,80,3,5,0,0,92,7360
459,1,100,3,5,0,0,77,7700
459,2,120,3,5,0,0,48,5760
459,3,150,3,5,0,0,20,3000
460,0,80,4,5,0,0,90,7200
460,1,100,4,5,0,0,85,8500
460,2,120,4,5,0,0,50,6000
460,3,150,4,5,0,0,34,5100
461,0,80,5,5,0,0,116,9280
461,1,100,5,5,0,0,73,7300
461,2,120,5,5,0,0,56,6720
461,3,150,5,5,0,0,22,3300
462,0,80,6,5,0,0,103,8240
462,1,100,6,5,0,0,71,7100
462,2,120,6,5,0,0,53,6360
462,3,150,6,5,0,0,27,4050
463,0,80,7,5,0,0,92,7360
463,1,100,7,5,0,0,69,6900
463,2,120,7,5,0,0,47,5640
463,3,150,7,5,0,0,31,4650
464,0,80,8,5,1,0,104,8320
464,1,100,8,5,1,0,86,8600
464,2,120,8,5,1,0,47,5640
464,3,150,8,5,1,0,13,1950
465,0,80,9,5,1,0,88,7040
465,1,100,9,5,1,0,74,7400
465,2,120,9,5,1,0,52,6240
465,3,150,9,5,1,0,28,4200
466,0,80,10,5,1,0,103,8240
466,1,100,10,5,1,0,66,6600
466,2,120,10,5,1,0,49,5880
466,3,150,10,5,1,0,20,3000
467,0,80,11,5,0,0,91,7280
467,1,100,11,5,0,0,90,9000
467,2,120,11,5,0,0,54,6480
467,3,150,11,5,0,0,25,3750
468,0,80,12,5,1,0,103,8240
468,1,100,12,5,1,0,76,7600
468,2,120,12,5,1,0,58,6960
468,3,150,12,5,1,0,32,4800
469,0,80,13,5,1,0,111,8880
469,1,100,13,5,1,0,71,7100
469,2,120,13,5,1,0,52,6240
469,3,150,13,5,1,0,22,3300
470,0,80,14,5,1,0,102,8160
470,1,100,14,5,1,0,87,8700
470,2,120,14,5,1,0,54,6480
470,3,150,14,5,1,0,19,2850
471,0,80,15,5,0,0,100,8000
471,1,100,15,5,0,0,84,8400
471,2,120,15,5,0,0,53,6360
471,3,150,15,5,0,0,32,4800
472,0,80,16,5,0,0,88,7040
472,1,100,16,5,0,0,75,7500
472,2,120,16,5,0,0,57,6840
472,3,150,16,5,0,0,17,2550
473,0,80,17,5,0,0,111,8880
473,1,100,17,5,0,0,83,8300
473,2,120,17,5,0,0,56,6720
473,3,150,17,5,0,0,21,3150
474,0,80,18,5,1,0,111,8880
474,1,100,18,5,1,0,81,8100
474,2,120,18,5,1,0,51,6120
474,3,150,18,5,1,0,28,4200
475,0,80,19,5,1,0,90,7200
475,1,100,19,5,1,0,57,5700
475,2,120,19,5,1,0,48,5760
475,3,150,19,5,1,0,29,4350
476,0,80,20,5,1,0,84,6720
476,1,100,20,5,1,0,70,7000
476,2,120,20,5,1,0,57,6840
476,3,150,20,5,1,0,22,3300
477,0,80,21,5,1,0,91,7280
477,1,100,21,5,1,0,84,8400
477,2,120,21,5,1,0,52,6240
477,3,150,21,5,1,0,22,3300
478,0,80,22,5,0,0,91,7280
478,1,100,22,5,0,0,87,8700
478,2,120,22,5,0,0,59,7080
478,3,150,22,5,0,0,25,3750
479,0,80,23,5,0,0,108,8640
479,1,100,23,5,0,0,81,8100
479,2,120,23,5,0,0,51,6120
479,3,150,23,5,0,0,21,3150
480,0,80,0,6,0,0,110,8800
480,1,100,0,6,0,0,75,7500
480,2,120,0,6,0,0,48,5760
480,3,150,0,6,0,0,27,4050
481,0,80,1,6,0,0,109,8720
481,1,100,1,6,0,0,88,8800
481,2,120,1,6,0,0,60,7200
481,3,150,1,6,0,0,28,4200
482,0,80,2,6,0,0,97,7760
482,1,100,2,6,0,0,66,6600
482,2,120,2,6,0,0,50,6000
482,3,150,2,6,0,0,18,2700
483,0,80,3,6,0,0,115,9200
483,1,100,3,6,0,0,68,6800
483,2,120,3,6,0,0,46,5520
483,3,150,3,6,0,0,23,3450
484,0,80,4,6,0,0,107,8560
484,1,100,4,6,0,0,73,7300
484,2,120,4,6,0,0,43,5160
484,3,150,4,6,0,0,21,3150
485,0,80,5,6,0,0,102,8160
485,1,100,5,6,0,0,92,9200
485,2,120,5,6,0,0,47,5640
485,3,150,5,6,0,0,19,2850
486,0,80,6,6,0,0,100,8000
486,1,100,6,6,0,0,89,8900
486,2,120,6,6,0,0,53,6360
486,3,150,6,6,0,0,25,3750
487,0,80,7,6,0,0,105,8400
487,1,100,7,6,0,0,86,8600
487,2,120,7,6,0,0,61,7320
487,3,150,7,6,0,0,20,3000
488,0,80,8,6,1,0,107,8560
488,1,100,8,6,1,0,64,6400
488,2,120,8,6,1,0,39,4680
488,3,150,8,6,1,0,36,5400
489,0,80,9,6,1,0,111,8880
489,1,100,9,6,1,0,71,7100
489,2,120,9,6,1,0,60,7200
489,3,150,9,6,1,0,25,3750
490,0,80,10,6,1,0,110,8800
490,1,100,10,6,1,0,74,7400
490,2,120,10,6,1,0,49,5880
490,3,150,10,6,1,0,26,3900
491,0,80,11,6,0,0,98,7840
491,1,100,11,6,0,0,66,6600
491,2,120,11,6,0,0,39,4680
491,3,150,11,6,0,0,20,3000
492,0,80,12,6,1,0,112,8960
492,1,100,12,6,1,0,80,8000
492,2,120,12,6,1,0,53,6360
492,3,150,12,6,1,0,23,3450
493,0,80,13,6,1,0,103,8240
493,1,100,13,6,1,0,76,7600
493,2,120,13,6,1,0,46,5520
493,3,150,13,6,1,0,16,2400
494,0,80,14,6,1,0,113,9040
494,1,100,14,6,1,0,80,8000
494,2,120,14,6,1,0,47,5640
494,3,150,14,6,1,0,23,3450
495,0,80,15,6,0,0,119,9520
495,1,100,15,6,0,0,82,8200
495,2,120,15,6,0,0,42,5040
495,3,150,15,6,0,0,21,3150
496,0,80,16,6,0,0,112,8960
496,1,100,16,6,0,0,61,6100
496,2,120,16,6,0,0,50,6000
496,3,150,16,6,0,0,32,4800
497,0,80,17,6,0,0,93,7440
497,1,100,17,6,0,0,73,7300
497,2,120,17,6,0,0,64,7680
497,3,150,17,6,0,0,26,3900
498,0,80,18,6,1,0,120,9600
498,1,100,18,6,1,0,75,7500
498,2,120,18,6,1,0,55,6600
498,3,150,18,6,1,0,21,3150
499,0,80,19,6,1,0,107,8560
499,1,100,19,6,1,0,75,7500
499,2,120,19,6,1,0,46,5520
499,3,150,19,6,1,0,34,5100
